time,etcd_cpu,jaeger_cpu,linkerd-proxy_cpu,policy_cpu,policy-enforcer_cpu,rabbitmq_cpu,sidecar_cpu,surf_cpu,uva_cpu,vu_cpu,etcd_memory,jaeger_memory,linkerd-proxy_memory,policy_memory,policy-enforcer_memory,rabbitmq_memory,sidecar_memory,surf_memory,uva_memory,vu_memory,etcd_memory_rss,jaeger_memory_rss,linkerd-proxy_memory_rss,policy_memory_rss,policy-enforcer_memory_rss,rabbitmq_memory_rss,sidecar_memory_rss,surf_memory_rss,uva_memory_rss,vu_memory_rss,etcd_memory_cache,jaeger_memory_cache,linkerd-proxy_memory_cache,policy_memory_cache,policy-enforcer_memory_cache,rabbitmq_memory_cache,sidecar_memory_cache,surf_memory_cache,uva_memory_cache,vu_memory_cache,etcd_energy,jaeger_energy,linkerd-proxy_energy,policy_energy,policy-enforcer_energy,rabbitmq_energy,sidecar_energy,sql-algorithm_energy,sql-query_energy,surf_energy,uva_energy,vu_energy
1734421359.525,0.001762004046952987,0.0002269628123388366,0.00016846422177681206,0.0003699766264462423,0.00013650682747668675,0.020330044115422986,0.000049355552748349944,0.00025402735757444974,0.0001792480892072286,0.00019375674006264106,32459.3658674796,72127.52690503055,10763.914697037813,44136.33837699663,45532.80789798575,389582.84491926583,28394.054953940245,12435.10148180118,13398.766906318428,9248.685366864724,31943.13447263815,21988.142864278216,11232.817079774215,9317.788227169613,21825.228388130672,143000.18728672247,1651.436592067819,14184.606071068913,15169.623042026118,9505.593293722077,221.24202636062043,48617.037374085674,0,33515.720018469074,22657.756328499363,156364.04095952888,0,0,0,699.9880245037078,0.12167849993332666,0,0,0.03962511651165116,0,0.11781765934926822,0,0,0,0,0,0
1734421364.525,0.014230473713294852,0.00023581231993476736,0.0006501982440991593,0.00038612645179303927,0.00014385542973605552,0.021842747217835676,0.00005193662662351794,0.00026323652412122957,0.00018889584016356682,0.0002034892949887154,89079.56972647074,75094.31663510347,84453.64003084178,45765.47133425678,48179.459698996834,411057.8565213077,29878.9365806413,12799.403980242649,14077.381337132303,9673.170650822165,68920.22546103704,22962.078095014575,42214.42131230657,9672.394454459678,23163.938660720403,150459.49692521885,1737.799313320601,14600.16258571908,15937.926959715076,9941.869835567224,10298.299999953948,50609.89187342221,42325.34293600799,34793.33028085039,24033.712975608727,166215.83567539888,0,0,0,747.6247063700429,0.13475897464746478,0,0,0.043995553555355525,0,0.13048309255925591,0,0,0,0,0,0
1734421369.525,0.014895967933446731,0.0002446618275306981,0.0006848798705103643,0.0004022762771398362,0.00015120403199542432,0.023355450320248366,0.00005451770049868594,0.00027244569066800945,0.00019854359111990503,0.00021322184991478973,93150.3636412147,78061.10636517635,89516.0319272938,47394.60429151693,50826.11150000791,432532.8681233497,31363.818207342356,13163.706478684122,14755.995767946182,10097.655934779605,72075.34958171696,23936.013325750944,44623.63268452545,10027.000681749741,24502.648933310138,157918.80656371522,1824.1620345733827,15015.719100369251,16706.230877404036,10378.146377412371,10766.030624443458,52602.74637275876,45038.09852689948,36070.94054323168,25409.6696227181,176067.63039126887,0,0,0,795.2613882363779,0.14783944936160281,0,0,0.0483659905990599,0,0.14314852576924356,0,0,0,0,0,0
1734421374.525,0.017947326981339884,0.00025351133512662897,0.0007195614969215692,0.00041842610248663334,0.00015855263425479312,0.02486815342266106,0.000057098774373853934,0.0002816548572147893,0.00020819134207624327,0.0002229544048408641,134524.34936806877,81027.89609524928,94578.4238237458,49023.73724877709,53472.76330101899,454007.8797253917,32848.69983404341,13528.008977125595,15434.610198760058,10522.141218737046,110669.57112069795,24909.948556487303,47032.844056744354,10381.606909039809,25841.359205899873,165378.1162022116,1910.5247558261644,15431.275615019424,17474.534795092994,10814.42291925752,11766.359647164121,54595.60087209529,47750.854117790965,37348.55080561299,26785.626269827466,185919.42510713887,0,0,0,842.8980701027131,0.16091992407574093,0,0,0.05273642764276427,0,0.15581395897923123,0,0,0,0,0,0
1734421379.525,0.018734580321059194,0.0002623608427225597,0.0007542431233327742,0.0004345759278334303,0.00016590123651416192,0.02638085652507375,0.00012190038663449366,0.00029086402376156905,0.00021783909303258147,0.0002326869597669384,140085.54804738928,83994.68582532217,99640.81572019783,50652.87020603724,56119.415102030056,475482.89132743364,62265.33171851339,13892.311475567065,16113.224629573933,10946.626502694486,115240.6223263996,25883.88378722367,49442.055428963235,10736.213136329872,27180.069478489608,172837.42584070796,3548.065145341898,15846.832129669592,18242.838712781955,11250.699461102668,12255.369608669283,56588.45537143184,50463.60970868244,38626.1610679943,28161.58291693683,195771.2198230089,0,0,0,890.534751969048,0.174000398789879,0,0,0.05710686468646864,0,0.1684793921892189,0,0,0,0,0,0
1734421384.525,0.019521833660778504,0.00027121035031849055,0.000788924749743979,0.0004507257531802274,0.0001732498387735307,0.027893559627486447,0.00012698491221685738,0.0003000731903083489,0.00022748684398891966,0.00024241951469301275,145646.74672670977,86961.47555539507,104703.20761664983,52282.0031632974,58766.06690304114,496957.90292947565,64874.051063148814,14256.613974008535,16791.83906038781,11371.111786651927,119811.67353210128,26857.819017960035,51851.26680118214,11090.819363619936,28518.77975107934,180296.73547920433,3696.8397081271137,16262.38864431976,19011.142630470913,11686.976002947813,12744.379570174448,58581.30987076838,53176.365299573925,39903.7713303756,29537.539564046197,205623.01453887884,0,0,0,938.1714338353829,0.1870808735040171,0,0,0.061477301730173003,0,0.18114482539920657,0,0,0,0,0,0
1734421389.525,0.020309087000497814,0.0002800598579144213,0.000823606376155184,0.0004668755785270244,0.00018059844103289949,0.029406262729899126,0.00023044461310298413,0.00030928235685512875,0.00023713459494525786,0.0002521520696190871,151207.9454060303,89928.26528546798,109765.59951310186,53911.136120557545,61412.71870405221,518432.91453151754,105338.63638653993,14620.916472450008,17470.45349120169,11795.597070609367,124382.72473780296,27831.754248696398,54260.47817340102,11445.425590910001,29857.490023669074,187756.04511770073,18028.074674328596,16677.945158969935,19779.446548159875,12123.25254479296,13233.389531679615,60574.16437010492,55889.12089046541,41181.38159275691,30913.49621115557,215474.80925474886,22684.506481224736,0,0,985.8081157017181,0.1917059819315265,0,0,0.06626049304930492,0,0.19723449065739912,0,0,0,0,0,0
1734421394.525,0.02109634034021712,0.00028890936551035203,0.0008582880025663887,0.0004830254038738215,0.0001879470432922683,0.03091896583231182,0.00030706474844496845,0.0003184915234019086,0.0002467823459015961,0.0002618846245451614,156769.1440853508,92895.05501554089,114827.99140955386,55540.2690778177,64059.37050506329,539907.9261335597,114669.36858380497,14985.218970891478,18149.067922015565,12220.082354566808,128953.77594350462,28805.689479432764,56669.68954561991,11800.031818200066,31196.20029625881,195215.35475619714,25745.558662606014,17093.501673620103,20547.750465848832,12559.52908663811,13722.399493184776,62567.01886944146,58601.87648135689,42458.991855138214,32289.452858264933,225326.60397061883,23966.496170182665,0,0,1033.444797568053,0.20423390139013903,0,0,0.07066468346834684,0,0.2101236962446245,0,0,0,0,0,0
1734421399.525,0.02188359367993643,0.0002977588731062829,0.0015229960164181197,0.0004991752292206184,0.00019529564555163705,0.03243166893472451,0.000423333134765997,0.00032770068994868846,0.00025643009685793436,0.00027161717947123576,162330.3427646713,95861.84474561381,163825.54834212828,57169.40203507785,66706.02230607436,561382.9377356014,131363.38381959143,15349.521469332949,18827.68235282944,12644.567638524251,133524.8271492063,29779.624710169126,75785.7358769575,12154.638045490132,32534.910568848543,202674.66439469345,38684.698852916736,17509.05818827027,21316.054383537794,12995.805628483258,14211.40945468994,64559.873368778004,67333.55848788575,43736.60211751953,33665.40950537431,235178.39868648883,24937.29597077546,0,0,1081.081479434388,0.21676182084875156,0,0,0.07506887388738875,0,0.2230129018318499,0,0,0,0,0,0
1734421404.525,0.025127164861128294,0.0003066083807022136,0.0021485168294447968,0.0005153250545674153,0.00020264424781100585,0.0339443720371372,0.0004378056832738398,0.00033690985649546834,0.00026607784781427254,0.00028134973439731013,196644.63638971056,98828.63447568669,208283.05998320167,58798.534992338,69352.67410708543,582857.9493376435,136013.3636053732,15713.823967774422,19506.29678364332,13069.05292248169,165740.69478506767,30753.559940905492,108478.21536566265,12509.244272780195,33873.62084143828,210133.97403318985,40007.40248493889,17924.614702920444,22084.35830122675,13432.082170328404,15373.672720039385,66552.72786811454,76147.10426963265,45014.212379900826,35041.36615248368,245030.19340235885,25908.09577136825,0,0,1128.718161300723,0.22928974030736404,0,0,0.07947306430643064,0,0.23590210741907527,0,0,0,0,0,0
1734421409.525,0.02600751887683661,0.0003154578882981444,0.0023888899473340293,0.0005314748799142124,0.00020999285007037468,0.03545707513954989,0.0005153053456399152,0.0003461190230422481,0.0002757255987706107,0.00029108228932338444,203050.85819653556,101795.4242057596,225792.19499100352,60427.66794959816,71999.32590809652,604332.9609396853,167366.1526968649,16078.126466215892,20184.911214457195,13493.53820643913,171124.19798187504,31727.495171641855,123742.94220332176,12863.850500070263,35212.33111402801,217593.28367168622,41614.06667279175,18340.171217570612,22852.662218915713,13868.35871217355,15882.46888589894,68545.58236745109,79391.28383417852,46291.82264228213,36417.322799593036,254881.98811822882,26878.89557196105,0,0,1176.3548431670579,0.24181765976597658,0,0,0.08387725472547254,0,0.24879131300630064,0,0,0,0,0,0
1734421414.525,0.026887872892544937,0.00032430739589407525,0.002896820954517057,0.0005476247052610095,0.00021734145232974345,0.036969778241962584,0.0005316894343943993,0.000355328189589028,0.000285373349726949,0.00030081484424945875,209457.08000336058,104762.21393583252,239040.7053090894,62056.800906858305,74645.97770910758,625807.9725417274,172825.9981350874,16442.428964657363,20863.525645271067,13918.023490396572,176507.70117868244,32701.43040237822,134047.76212552053,13218.456727360326,36551.04138661774,225052.59331018256,42945.38250355982,18755.727732220785,23620.966136604664,14304.635254018698,16391.2650517585,70538.43686678761,82811.19798613882,47569.43290466344,37793.27944670241,264733.78283409885,27849.695372553848,0,0,1223.9915250333931,0.2543455792245891,0,0,0.08828144514451444,0,0.2616805185935261,0,0,0,0,0,0
1734421419.525,0.027768226908253257,0.000333156903490006,0.0033583442455057282,0.0005637745306078066,0.0002246900545891122,0.03848248134437528,0.0005480735231488834,0.00036453735613580787,0.0002950211006832872,0.0003105473991755331,215863.30181018557,107729.00366590542,251588.03080275838,63685.933864118466,77292.62951011866,647282.9841437694,178285.84357330983,16806.731463098833,21542.14007608495,14342.508774354013,181891.20437548985,33675.36563311458,149851.5435155753,13573.062954650391,37889.75165920748,232511.902948679,44276.6983343279,19171.284246870953,24389.27005429363,14740.911795863847,16900.06121761805,72531.29136612416,86061.11049270703,48847.04316704474,39169.23609381178,274585.5775499688,28820.495173146646,0,0,1271.6282068997282,0.2638824411243962,0,0,0.09382362726686816,0,0.2799730503822561,0,0,0,0,0,0
1734421424.525,0.028648580923961584,0.0003420064110859368,0.0033973885029371835,0.0005799243559546036,0.00023203865684848102,0.039995184446787964,0.0005406453748815242,0.00037374652268258764,0.0003046688516396254,0.0003202799541016074,222269.52361701056,110695.79339597833,255672.47074922704,65315.06682137861,79939.28131112974,668757.9957458113,159208.92436934132,17171.033961540306,22220.754506898826,14766.994058311453,187274.70757229722,34649.30086385095,150252.247882812,13927.669181940459,39228.46193179722,239971.21258717537,44180.92278815803,19586.84076152112,25157.573971982587,15177.188337708994,17408.85738347761,74524.14586546071,89311.02299927526,50124.65342942606,40545.19274092115,284437.3722658388,29791.294973739434,0,0,1319.2648887660635,0.27626993112350723,0,0,0.09828985759845321,0,0.29311588530091554,0,0,0,0,0,0
1734421429.525,0.022847185489295253,0.00035085591868186757,0.0034944233979337853,0.0005960741813014006,0.00017765091666666665,0.029141388416666667,0.0005562752807993472,0.00038295568922936746,0.00023255866666666665,0.0003300125090276818,188024.4739187123,113662.58312605125,263462.185735075,66944.19977863877,60351.14666666667,514672.63999999996,163899.86313055485,17535.33645998178,17148.586666666666,15191.479342268894,166858.51829976987,35623.236094587315,154519.6381091492,14282.275409230522,29320.533333333336,186449.92,45467.51796791808,20002.397276171294,19415.04,15613.464879554142,10424.71342840624,76517.00036479725,92560.93550584346,51402.26369180736,30361.600000000002,213749.76,30762.094774332232,0,0,1366.9015706323985,0.2886574211226183,0,0,0.10275608793003822,0,0.306258720219575,0,0,0,0,0,0
1734421434.525,0.022613807539909363,0.0003597054262777983,0.0034641491107804674,0.0006122240066481976,0.00017765091666666665,0.029141388416666667,0.0005719051867171701,0.00039216485577614734,0.00023255866666666665,0.00033974506395375616,179312.81280098093,116629.37285612414,237275.65378475186,68573.33273589892,60351.14666666667,514672.63999999996,168590.80189176835,17899.63895842325,17148.586666666666,15615.964626226334,157767.01094928826,36597.17132532368,146612.80082483467,14636.881636520588,29320.533333333336,186449.92,46754.11314767813,20417.953790821466,19415.04,16049.741421399289,10626.090647013467,78509.85486413378,74004.63347058957,52679.873954188675,30361.600000000002,213749.76,31732.89457492503,0,0,1414.5382524987335,0.3010449111217294,0,0,0.10722231826162325,0,0.3194015551382345,0,0,0,0,0,0
1734421439.525,0.02320184555746809,0.00036855493387372916,0.0034050900257726843,0.0006283738319949946,0.00017765091666666665,0.02029530377764273,0.000587535092634993,0.00040137402232292717,0.00023255866666666665,0.00026344183333333333,182996.2592859872,119596.16258619705,203721.0261828778,70202.46569315907,60351.14666666667,337285.02355411503,173281.74065298188,18263.941456864723,17148.586666666666,12288,160873.48031140014,37571.10655606004,128982.43192699851,14991.487863810651,29320.533333333336,117924.59738386104,48040.70832743818,20833.510305471635,19415.04,12629.333333333334,10911.952532825335,80502.70936347033,56959.72782943259,53957.48421656998,30361.600000000002,152395.85100085876,32703.694375517825,0,0,1041.0666666666666,0.31343240112084036,0,0,0.11168854859320827,0,0.3325443900568939,0,0,0,0,0,0
1734421444.525,0.02378988357502682,0.0003774044414696599,0.003499204844390074,0.0006445236573417916,0.00017765091666666665,0.020969954270038643,0.000603164998552816,0.00041058318886970705,0.00023255866666666665,0.00026344183333333333,186679.7057709935,122562.95231626995,209344.42546968555,71831.59865041923,60351.14666666667,346617.3448557209,177972.67941419542,18628.243955306192,17148.586666666666,12288,163979.94967351202,38545.041786796406,132545.5327796632,15346.094091100716,29320.533333333336,121187.44677027065,49327.30350719823,21249.066820121807,19415.04,12629.333333333334,11197.8144186372,82495.56386280687,58740.63753451204,55235.09447895128,30361.600000000002,156660.27199128323,33674.494176110624,0,0,1041.0666666666666,0.32581989111995135,0,0,0.11615477892479334,0,0.34568722497555326,0,0,0,0,0,0
1734421449.525,0.02437792159258555,0.0003862539490655907,0.003593319663007464,0.0006606734826885886,0.0001466301575842291,0.021644604762434554,0.0006187949044706389,0.000387700351131642,0.00023255866666666665,0.00026344183333333333,190363.15225599974,125529.74204634286,214967.82475649336,73460.73160767938,42996.1151569083,355949.6661573266,182663.61817540892,10524.744431343794,17148.586666666666,12288,167086.4190356239,39518.97701753277,136108.6336323279,15700.700318390782,41730.89294011104,124450.29615668023,50613.89868695828,11952.552977269394,19415.04,12629.333333333334,11483.676304449065,84488.4183621434,60521.54723959149,56512.70474133259,22171.80495124096,160924.6929817077,34645.29397670342,0,0,1041.0666666666666,0.3340834685182098,0,0,0.12247869734977915,0,0.36360090625260433,0,0,0,0,0,0
1734421454.525,0.024718490329811712,0.0003951034566615215,0.0036874344816248536,0.0006768233080353856,0.000150390859854401,0.022319255254830462,0.0006344248103884619,0.00039612702252366747,0.00023255866666666665,0.00026344183333333333,164421.16499367612,128496.53177641578,220591.2240433011,75089.86456493953,44098.859575540424,365281.9874589324,187354.55693662248,10730.14176884848,17148.586666666666,12288,142346.4822894887,40492.91224826914,139671.73448499257,16055.306545680847,42936.004654968005,127713.14554308983,51900.49386671834,12185.814941389257,19415.04,12629.333333333334,11359.933483772142,86481.27286147994,62302.45694467094,57790.3150037139,22742.777025807947,165189.11397213218,35616.09377729621,0,0,1041.0666666666666,0.34631990488790726,0,0,0.1270213675722977,0,0.37691847438328185,0,0,0,0,0,0
1734421459.525,0.02529903123206314,0.00040395296425745227,0.0037815493002422433,0.0006929731333821826,0.0001541515621245729,0.022993905747226373,0.0006354327276644192,0.000404553693915693,0.0003258555540997532,0.00034368137861339696,167382.84582526694,131463.32150648866,226214.62333010885,76718.9975221997,45201.60399417255,374614.3087605382,188934.70423806892,10935.539106353164,11313.911649696987,12646.33674587118,144774.5343267747,41466.8474790055,143234.83533765725,16409.91277297091,44141.11636982497,130975.99492949944,68152.35382411425,12419.076905509117,12751.973926764138,12855.223244082405,11635.816413398183,88474.1273608165,64083.366649750395,59067.925266095204,23313.749100374935,169453.53496255667,36359.12730592373,0,0,713.5173466389007,0.3585563412576047,0,0,0.13156403779481624,0,0.39023604251395944,0,0,0,0,0,0
1734421464.525,0.02723638279531005,0.00029086461194868644,0.0038756641188596335,0.0007091229587289797,0.0001579122643947448,0.023668556239622284,0.0005806826170435492,0.0004129803653077186,0.0003341167662837818,0.0003521194280267298,160576.49552905373,71903.5301174767,231838.02261691666,78348.13047945984,46304.34841280467,383946.6300621439,175028.34333229094,11140.936443857849,11585.699705479483,12940.584382096024,137495.78958471701,22052.97174637141,146797.93619032195,16764.519000260978,45346.22808468192,134238.84431590902,61851.481464779106,12652.338869628979,13058.307784430168,13154.331130320596,11804.744958268355,48328.21170443861,65864.27635482985,60345.53552847652,23884.721174941926,173717.95595298114,37322.90902343435,0,0,733.9708987784113,0.37079277762730223,0,0,0.1361067080173348,0,0.403553610644637,0,0,0,0,0,0
1734421469.525,0.027915531128387433,0.0002969063934442175,0.003969778937477023,0.0005253024166666666,0.0001616729666649167,0.0243432067320182,0.0005428846177463407,0.00042140703669974415,0.0003423779784678104,0.00036055747744006265,164277.78484339075,73430.59051398557,237461.4219037244,59805.01333333333,47407.09283143679,393278.9513637496,150904.35289859152,11346.333781362535,11857.487761261978,13234.832018320865,140649.5322138733,22557.459760167854,150361.03704298663,12728.32,46551.33979953889,137501.6937023186,66860.14305682291,12885.60083374884,13364.641642096196,13453.439016558787,12084.744447167566,49350.784087151056,67645.18605990929,45803.520000000004,24455.693249508913,177982.37694340563,22282.143601611857,0,0,754.424450917922,0.38302921399699963,0,0,0.14064937823985332,0,0.4168711787753145,0,0,0,0,0,0
1734421474.525,0.028594679461464816,0.00030294817493974865,0.0040638937560944135,0.0004051316075694129,0.00016543366893508857,0.02501785722441411,0.0005595341073171404,0.0004298337080917697,0.00035063919065183896,0.0003689955268533955,167979.07415772777,74957.65091049447,243084.82119053218,41047.41703797835,48509.83725006891,402611.2726653554,140505.4678830239,11551.73111886722,12129.275817044472,13529.079654545705,143803.27484302956,23061.947773964304,153924.13789565134,18620.268846987692,47756.451514395834,140764.5430887282,86503.23488750886,13118.862797868702,13670.975499762224,13752.546902796976,12364.743936066776,50373.35646986351,69426.09576498874,32190.498030414572,25026.6653240759,182246.79793383012,22791.15249489529,0,0,774.8780030574326,0.3952656503666971,0,0,0.14519204846237185,0,0.430188746905992,0,0,0,0,0,0
1734421479.525,0.0292738277945422,0.0003089899564352798,0.0040394819736316165,0.0004135095123741909,0.00016919437120526047,0.02569250771681002,0.0005721740247725646,0.00043826037948379524,0.0003589004028358675,0.00037743357626672834,171680.36347206478,76484.71130700337,222935.4530657377,41808.50363464992,49612.58166870103,411943.5939669612,143666.56647213356,11757.128456371902,12401.063872826968,13823.327290770549,146957.0174721858,23566.43578776075,153440.23257590365,19001.372356277912,48961.5632292528,144027.3924751378,88494.74768741275,13352.124761988562,13977.309357428252,14051.654789035169,12644.743424965985,51395.928852575955,70604.879590815,32787.362787299586,25597.637398642884,186511.21892425462,23300.161388178727,0,0,795.3315551969432,0.407483894780881,0,0,0.1499889838452666,0,0.44696724074086425,0,0,0,0,0,0
1734421484.525,0.02995297612761958,0.0003150317379308109,0.0041309347193129115,0.00042188741717896896,0.00017295507347543236,0.026367158209205932,0.0005737967851948573,0.00044668705087582084,0.0003671616150198961,0.0003858716256800613,175381.6527864018,78011.77170351226,228019.0533197539,42569.590231321476,50715.32608733316,421275.915268567,131090.297419704,11962.525793876586,12672.851928609463,14117.574926995389,150110.76010134208,24070.923801557197,156917.81108566668,19382.47586556813,50166.67494410976,147290.2418615474,91372.59744790474,13585.386726108423,14283.64321509428,14350.762675273358,12924.742913865199,52418.50123528839,72369.71234837234,33384.2275441846,26168.60947320987,190775.63991467908,23809.170281462157,0,0,815.7851073364542,0.4197197885583418,0,0,0.15454004493722792,0,0.46038873727056356,0,0,0,0,0,0
1734421489.525,0.030632124460696956,0.0003210735194263421,0.004222387464994206,0.000430265321983747,0.00017671577574560423,0.027041808701601847,0.0005862634763703752,0.0004551137222678464,0.0003754228272039247,0.0003943096750933941,179082.94210073882,79538.83210002116,233102.65357377013,43330.67682799304,51818.07050596527,430608.2365701727,133939.50839237205,12167.923131381272,12944.639984391959,14411.822563220234,153264.50273049835,24575.411815353647,160395.3895954297,19763.579374858342,51371.786658966725,150553.091247957,93383.49531495472,13818.648690228285,14589.977072760308,14649.870561511552,13204.742402764407,53441.07361800084,74134.54510592968,33981.09230106962,26739.58154777686,195040.06090510357,24318.179174745594,0,0,836.2386594759647,0.4319556823358025,0,0,0.15909110602918922,0,0.4738102338002628,0,0,0,0,0,0
1734421494.525,0.03131127279377434,0.0003271153009218732,0.004212822831315548,0.000438643226788525,0.00018047647801577613,0.027716459193997758,0.0005836889169031066,0.0004635403936598719,0.00038368403938795326,0.000402747724506727,182784.23141507583,81065.89249653004,283933.6834066322,44091.76342466459,52920.8149245974,439940.5578717785,130893.91861048747,12373.320468885955,13216.428040174455,14706.070199445074,156418.24535965463,25079.89982915009,156055.24569090214,20144.682884148566,52576.898373823686,153815.9406343666,95051.54360716205,14051.910654348145,14896.310930426336,14948.978447749741,13484.741891663618,54463.646000713285,75899.37786348703,34577.95705795463,27310.55362234385,199304.48189552804,24827.18806802903,0,0,856.6922116154755,0.4441915761132631,0,0,0.1636421671211505,0,0.487231730329962,0,0,0,0,0,0
1734421499.525,0.028719843317703348,0.00033315708241740433,0.004137857643205373,0.0004470211315933031,0.00018423718028594805,0.028391109686393662,0.0006066898288787183,0.0004719670650518975,0.0003919452515719818,0.00041118577392005977,149792.65948913476,82592.95289303894,276547.305527764,44852.850021336155,54023.55934322952,449272.87917338434,127245.76320469413,12578.717806390641,13488.216095956948,15000.317835669915,129569.12169459484,25584.38784294654,151070.9470154777,20525.786393438782,53782.01008868065,157078.7900207762,114540.44490434976,14285.172618468006,15202.644788092364,15248.086333987932,9411.755788693961,55486.21838342574,72879.68003156225,35174.82181483965,27881.525696910834,203568.90288595253,25336.19696131246,0,0,877.1457637549861,0.4564274698907238,0,0,0.16819322821311183,0,0.5006532268596612,0,0,0,0,0,0
1734421504.525,0.02933055493758986,0.0003391988639129355,0.00418406367402749,0.0004553990363980812,0.00018799788255611995,0.029065760178789573,0.0006190453797571225,0.00048039373644392295,0.0004002064637560105,0.00041962382333339266,152773.3712823373,84120.01328954783,280452.15554247226,45613.93661800772,55126.30376186164,458605.20047499007,129829.06751926782,12784.115143895326,13760.004151739444,15294.565471894757,132139.0542456013,26088.875856742983,152121.88947500288,20906.889902728995,54987.12180353761,160341.63940718578,116909.51946261528,14518.434582587868,15508.978645758394,15547.194220226122,9602.969138249264,56508.79076613818,74526.80250470637,35771.68657172466,28452.49777147782,207833.323876377,25845.205854595897,0,0,897.5993158944968,0.46866336366818456,0,0,0.1727442893050731,0,0.5140747233893604,0,0,0,0,0,0
1734421509.525,0.02994126655747638,0.0003452406454084666,0.004233890859185466,0.00046377694120285925,0.00019175858482629185,0.029740410671185488,0.0006314009306355268,0.0004888204078359486,0.00040846767594003905,0.0004280618727467255,155754.08307553985,85647.07368605673,306752.4426397925,46375.02321467928,56229.048180493766,467937.52177659585,132412.37183384152,12989.51248140001,14031.79220752194,15588.813108119599,134708.9867966078,26593.36387053943,150957.56074199115,21287.993412019212,56192.23351839456,163604.4887935954,119278.5940208808,14751.696546707728,15815.312503424422,15846.302106464314,9794.182487804568,57531.363148850636,76173.92497785052,36368.55132860968,29023.46984604481,212097.74486680145,26354.214747879334,0,0,918.0528680340076,0.47635989956626257,0,0,0.17805125318080292,0,0.5266490056263634,0,0,0,0,0,0
1734421514.525,0.030551978177362892,0.00035128242690399774,0.004228306908673846,0.00047215484600763723,0.00019551928709646375,0.030415061163581402,0.000643756481513931,0.00048338942845737367,0.0004167288881240676,0.0004364999221600584,158734.79486874235,87174.13408256561,306643.3699679602,47136.10981135083,57331.79259912589,477269.8430782016,134995.67614841522,9995.859609728483,14303.580263304437,15883.060744344442,137278.91934761425,27097.85188433588,143980.7829934728,21669.096921309432,57397.34523325152,166867.33818000497,121647.66857914634,37141.16525915088,16121.646361090452,16145.409992702505,9985.395837359869,58553.93553156308,72123.19814122707,36965.41608549469,29594.441920611796,216362.16585722595,26863.22364116277,0,0,938.5064201735183,0.48848028670748456,0,0,0.1826231365495094,0,0.540048936732116,0,0,0,0,0,0
1734421519.525,0.03116268979724941,0.0003573242083995288,0.0041318930763149875,0.0004805327508124153,0.00019927998936663562,0.02513740529166666,0.0006561120323923353,0.0004915595356017339,0.0004249901003080962,0.0004449379715733912,161715.5066619449,88701.1944790745,274250.7737342904,47897.19640802239,58434.537017758004,404264.96,137578.9804629889,10154.552092046446,14575.368319086932,16177.308380569284,139848.85189862072,27602.339898132326,119623.28139094265,22050.20043059965,58602.45694810848,141342.72,124016.74313741186,37730.81176693296,16427.980218756482,16444.517878940696,10176.60918691517,59576.50791427552,62449.403919936274,37562.2808423797,30165.413995178787,183002.45333333334,27372.2325344462,0,0,958.9599723130289,0.5006006738487067,0,0,0.18719501991821585,0,0.5534488678378687,0,0,0,0,0,0
1734421524.525,0.03177340141713592,0.00036336598989506,0.004249049954974243,0.0004889106556171934,0.0002030406916368075,0.02513740529166666,0.0006684675832707395,0.0004997296427460942,0.0004332513124921248,0.0004533760209867241,164696.21845514743,90228.25487558339,331920.777538854,48658.28300469395,59537.28143639013,404264.96,140162.2847775626,10313.244574364408,14847.156374869428,16471.556016794126,142418.7844496272,28106.82791192877,140687.7880115221,22431.30393988986,59807.56866296545,141342.72,126385.8176956774,38320.458274715034,16734.31407642251,16743.625765178887,10367.822536470474,60599.08029698797,54546.86037025771,38159.14559926472,30736.386069745768,183002.45333333334,27881.241427729638,0,0,979.4135244525396,0.5127210609899286,0,0,0.19176690328692234,0,0.5668487989436213,0,0,0,0,0,0
1734421529.525,0.03238411303702245,0.0003576506961024307,0.004328686691256694,0.0004972885604219714,0.00017191900000000003,0.02513740529166666,0.0006808231341491438,0.0005078997498904543,0.00044151252467615335,0.00046181407040005694,167676.93024834996,72198.45867930423,338242.7872289022,49419.36960136551,50411.52000000001,404264.96,142745.5890921363,10471.937056682369,15118.944430651922,16765.803653018967,144988.71700063368,22098.745417449085,143337.7144926345,22812.40744918008,49834.66666666667,141342.72,128754.89225394292,38910.10478249711,17040.647934088538,17042.73365141708,10559.035886025778,48570.50339249467,55610.97872035582,38756.01035614974,26011.306666666667,183002.45333333334,28390.25032101307,0,0,999.8670765920501,0.5248414481311509,0,0,0.19633878665562882,0,0.5802487300493739,0,0,0,0,0,0
1734421534.525,0.03299482465690896,0.0003634841274243261,0.004408323427539145,0.0005056664652267494,0.00017191900000000003,0.02513740529166666,0.000693178685027548,0.0005160698570348145,0.0004497737368601819,0.00047025211981338984,170657.6420415525,73378.94695927834,344564.79691895045,50180.45619803706,50411.52000000001,404264.96,145328.89340670998,10630.629539000334,15390.732486434417,17060.05128924381,147558.64955164015,22487.822483968474,145987.6409737469,23193.5109584703,49834.66666666667,141342.72,131123.96681220844,39499.75129027919,17346.981791754566,17341.841537655266,10750.249235581081,49361.79298135842,56675.09707045395,39352.875113034745,26011.306666666667,183002.45333333334,28899.259214296504,0,0,1020.3206287315611,0.536961835272373,0,0,0.20091067002433527,0,0.5936486611551266,0,0,0,0,0,0
1734421539.525,0.03246447591055232,0.0003693175587462215,0.0043922261099046764,0.0005140443700315275,0.00017191900000000003,0.02513740529166666,0.0007055342359059523,0.0005242399641791747,0.0004580349490442105,0.00047869016922672263,165962.45464701156,74559.43523925243,347404.61343248165,50941.54279470862,50411.52000000001,404264.96,147912.19772128368,10789.322021318296,15662.520542216913,17354.298925468654,142763.5515089144,22876.899550487862,168155.44660199905,23574.61446776052,49834.66666666667,141342.72,133493.04137047398,40089.39779806127,17653.315649420594,17640.94942389346,10828.613027036408,50153.08257022216,57739.21542055208,39949.73986991976,26011.306666666667,183002.45333333334,29408.268107579937,0,0,1040.7741808710716,0.5466579065275721,0,0,0.2036599062547623,0,0.5938946208690729,0,0,0,0,0,0
1734421544.525,0.032960925526178714,0.00037515099006811694,0.004469878235361746,0.0005224222748363057,0.00017191900000000003,0.02513740529166666,0.0007178897867843565,0.000532410071323535,0.0004662961612282391,0.0004871282186400555,168174.52732905303,75739.92351922655,353668.9060744259,51702.62939138019,50411.52000000001,404264.96,150495.50203585738,10948.014503636257,15934.308597999408,17648.546561693493,144595.97429972494,23265.97661700725,171131.05492475993,23955.717977050732,49834.66666666667,141342.72,135862.11592873948,40679.044305843345,17959.649507086622,17940.05731013165,11008.525995761884,50944.37215908591,58803.33377065019,40546.60462680478,26011.306666666667,183002.45333333334,29917.277000863374,0,0,1061.2277330105824,0.5587247782892302,0,0,0.2081887036869476,0,0.6070041911220445,0,0,0,0,0,0
1734421549.525,0.033452889037604,0.0003809844213900123,0.004523261127950024,0.0005308001796410836,0.00017191900000000003,0.021283114889892027,0.0007096784836423389,0.0005405801784678951,0.0003884565416666666,0.00040769874999999994,156552.25878088397,76920.41179920065,349983.89086207637,52463.71598805174,50411.52000000001,320645.10845833056,151966.99537428672,11106.706985954219,13373.44,14878.719999999998,132795.52046396458,23655.05368352664,197045.72745701604,24336.821486340952,49834.66666666667,113865.61057505467,132070.25297258102,41268.69081362542,15073.28,15124.479999999998,11115.494436283632,51735.66174794966,59783.3713074013,41143.46938368979,26011.306666666667,145269.03899190732,30332.241732630835,0,0,868.6933333333333,0.5707916500508882,0,0,0.2127175011191329,0,0.6201137613750162,0,0,0,0,0,0
1734421554.525,0.03394925231990216,0.0003868178527119077,0.004600555762091629,0.0005391780844458616,0.00017191900000000003,0.021685691344833235,0.0007551540117511578,0.0005487502856122553,0.0003884565416666666,0.0005401741861183036,158537.4531759526,78100.90007917475,356085.555598827,53224.80258472331,50411.52000000001,326052.1769352783,159841.1706755804,11265.399468272182,13373.44,17776.44041740431,134404.36182924744,24044.130750046024,200411.59909402597,24717.92499563117,49834.66666666667,115785.73702422768,133583.76192127453,41858.337321407496,15073.28,17462.596516870686,11294.211628829411,52526.95133681341,60846.11516726242,41740.33414057481,26011.306666666667,147718.72439389658,30755.338042211115,0,0,1091.6184371909,0.5828585218125463,0,0,0.2172462985513182,0,0.6332233316279879,0,0,0,0,0,0
1734421559.525,0.03444561560220032,0.0003926512840338031,0.0046545172890646745,0.0004465770766910515,0.00017191900000000003,0.02208826779977445,0.0007382985185747601,0.0005569203927566156,0.0003884565416666666,0.0005492876639765131,160522.6475710212,79281.38835914887,360931.5475277225,38426.473367442726,50411.52000000001,331459.2454122262,149746.56010912434,11424.091950590146,13373.44,18061.460105296097,136013.2031945303,24433.207816565413,202333.44700200247,18678.013774979172,49834.66666666667,117705.86347340072,124521.16440101476,42447.98382918959,15073.28,17742.58416862496,11472.928821375193,53318.24092567716,61859.15531181259,30116.082216728442,26011.306666666667,150168.4097958859,31260.84951943874,0,0,1111.8756083086053,0.5949253935742043,0,0,0.2217750959835035,0,0.6463329018809596,0,0,0,0,0,0
1734421564.525,0.036626260803681844,0.00039848471535569845,0.004731578000851006,0.00045327953911057005,0.00017191900000000003,0.022490844254715658,0.000725816337035876,0.0005650904999009757,0.0003884565416666666,0.0005584011418347224,154690.9801166255,80461.87663912297,367014.4990937058,38974.2239349021,50411.52000000001,336866.31388917397,135290.6018127815,11582.784432908107,13373.44,18346.479793187886,130375.4536074825,24822.2848830848,205677.79849262993,18952.57979082419,49834.66666666667,119625.98992257375,126087.39437895286,43037.63033697166,15073.28,18022.571820379228,11547.394123038637,54109.5305145409,62921.15844199749,30545.37222640814,26011.306666666667,152618.0951978752,20764.74278613738,0,0,1132.1327794263107,0.6069922653358623,0,0,0.2263038934156888,0,0.6594424721339311,0,0,0,0,0,0
1734421569.525,0.03723637547065774,0.0004043181466775938,0.004792180476187718,0.00045998200153008867,0.0001767958544784322,0.02289342070965687,0.0007354769611158467,0.0005732606070453359,0.0005408199105400158,0.0005675146196929318,157129.65722642682,81642.3649190971,360385.4672078645,39521.97450236146,40537.733749391184,342273.3823661218,137270.11898786374,11741.47691522607,16357.779893245865,18631.499481079674,132423.36563409836,25211.361949604183,205612.89608795644,19227.145806669207,41498.9656948408,121546.11637174679,127954.32192890444,43627.27684475374,17322.366422577317,18302.559472133496,11732.94461676532,54900.82010340466,63983.1615721824,30974.66223608783,21118.121073356022,155067.7805998645,21094.096712993527,0,225.07019017733867,1152.3899505440156,0.6206503103487968,0,0,0.22918124894783778,0,0.6787866742479644,0,0,0,0,0,0
1734421574.525,0.03615142434693375,0.0004101515779994893,0.0048523382309156775,0.0004666844639496072,0.00017953962917859794,0.023295997164598077,0.0007306452677918741,0.0005814307141896961,0.0005496804300697983,0.0005766280975511411,145262.46870341085,82822.8531990712,396118.5128428109,40069.72506982084,41166.857144799775,347680.45084306964,135448.0743288599,11900.169397544032,16611.13029621822,18916.519168971463,125091.66037438156,25600.43901612357,204908.27959679408,19501.711822514226,42177.54531885892,123466.24282091981,126444.12700101332,44216.923352535814,17590.656407051727,18582.547123887765,10020.376663486735,55692.1096922684,62819.91911075067,31403.952245767527,21445.862730461333,157517.46600185378,21423.450639849667,0,228.55609252781827,1172.647121661721,0.6327481968569517,0,0,0.23367585687676576,0,0.6920177707468684,0,0,0,0,0,0
1734421579.525,0.0367343167048577,0.00041598500932138466,0.004866953322141188,0.0004733869263691258,0.00018228340387876365,0.023698573619539292,0.000755586911421459,0.0005896008213340562,0.0005585409495995809,0.0005857415754093505,147475.63250787373,84003.34147904528,395022.87045159057,40617.4756372802,41795.98054020835,353087.5193200174,133392.59676921112,12058.861879861994,16864.48069919057,19201.53885686325,126991.78872675356,25989.516082642956,208517.41170774962,19776.27783835924,42856.124942877046,125386.36927009284,124743.7793376064,44806.56986031789,17858.946391526133,18862.534775642034,10175.897308225669,56483.39928113216,63841.86475706256,31833.242255447218,21773.604387566644,159967.15140384308,21752.804566705807,0,232.0419948782978,1192.904292779426,0.6448460833651064,0,0,0.23817046480569373,0,0.7052488672457725,0,0,0,0,0,0
1734421584.525,0.03731720906278167,0.00042181844064328013,0.004937599285897697,0.0004800893887886444,0.00018502717857892938,0.024101150074480503,0.000785732177444907,0.0005977709284784164,0.0005674014691293633,0.0005948550532675599,149688.7963123366,85183.82975901941,401188.72570746014,41165.22620473956,42425.10393561694,358494.58779696526,133359.10261809683,12217.554362179955,17117.831102162927,19486.55854475504,128891.91707912555,26378.593149162345,211675.44713398712,20050.843854204257,43534.70456689517,127306.49571926586,128944.10426382204,45396.216368099966,18127.236376000543,19142.522427396307,10331.417952964604,57274.6888699959,64863.810403374446,32262.53226512691,22101.346044671955,162416.83680583237,22082.15849356195,0,235.52789722877736,1213.1614638971314,0.6569439698732613,0,0,0.24266507273462176,0,0.7184799637446766,0,0,0,0,0,0
1734421589.525,0.037871161023997985,0.0004276518719651755,0.004992855472814175,0.00048679185120816296,0.00018777095327909507,0.02450372652942171,0.0007961205738839657,0.0006059410356227767,0.0005762619886591458,0.0006039685311257692,140818.448848785,86364.31803899352,395567.60919672373,41712.976772198934,43054.227331025526,363901.6562739131,134954.23704495202,12376.24684449792,17371.18150513528,19771.57823264683,120101.57515177876,26767.67021568173,214794.99851936338,20325.409870049276,44213.284190913284,129226.62216843889,130888.04128027904,45985.86287588205,18395.526360474953,19422.510079150576,10269.615862505007,58065.97845885965,65885.75604968633,32691.822274806607,22429.087701777265,164866.52220782166,22411.512420418094,0,239.0137995792569,1233.4186350148366,0.6690418563814162,0,0,0.2471596806635498,0,0.7317110602435808,0,0,0,0,0,0
1734421594.525,0.038453569535601945,0.00043348530328707086,0.005063284942297267,0.0004934943136276815,0.00019051472797926083,0.024906302984362923,0.0008065089703230243,0.0006141111427671368,0.0005851225081889284,0.0006130820089839786,142876.93627669898,87544.80631896763,401561.5243600892,42260.7273396583,43683.35072643412,369308.7247508609,136549.3714718072,12534.939326815882,17624.531908107634,20056.597920538617,121852.51400432746,27156.747282201122,217952.47256165385,20599.97588589429,44891.86381493141,131146.7486176119,132831.97829673602,46575.509383664124,18663.816344949362,19702.497730904845,10422.102348643522,58857.268047723395,66907.70169599821,33121.1122844863,22756.82935888258,167316.20760981095,22740.866347274234,0,242.4997019297365,1253.675806132542,0.6811397428895708,0,0,0.2516542885924778,0,0.7449421567424848,0,0,0,0,0,0
1734421599.525,0.039035978047205905,0.0004393187346089662,0.005133714411780357,0.0005001967760472001,0.00019325850267942657,0.025308879439304134,0.0008352934624228818,0.000622281249911497,0.000593983027718711,0.0006221954868421881,144935.423704613,88725.29459894173,407555.4395234547,42808.47790711766,44312.47412184271,374715.7932278087,132344.71047690356,12693.631809133843,17877.88231107999,20341.617608430406,123603.45285687619,27545.824348720507,221109.9466039443,20874.54190173931,45570.44343894953,133066.87506678494,151985.6556923872,47165.1558914462,18932.106329423772,19982.485382659113,10574.58883478204,59648.55763658714,67929.64734231011,33550.402294165986,23084.57101598789,169765.89301180025,23070.220274130384,0,245.98560428021608,1273.9329772502472,0.6951399458437251,0,0,0.24749418106896814,0,0.7589041759492472,0,0,0,0,0,0
1734421604.525,0.039618386558809865,0.0004451521659308616,0.005120286503284192,0.0005068992384667187,0.0001960022773795923,0.025711455894245346,0.0008473000685108126,0.0006304513570558572,0.0006028435472484933,0.0006313089647003974,146993.91113252705,89905.78287891584,388151.04379199614,43356.22847457704,44941.5975172513,380122.86170475656,134245.9576873292,12852.324291451805,18131.232714052345,20626.637296322195,125354.3917094249,27934.901415239892,215163.4762786897,21149.107917584326,46249.02306296766,134987.00151595796,154196.23633766014,47754.802399228276,19200.396313898185,20262.473034413382,10727.07532092056,60439.847225450896,61489.86122853068,33979.69230384568,23412.312673093205,172215.57841378954,23399.57420098652,0,249.47150663069567,1294.1901483679524,0.707271029627709,0,0,0.2518294096044152,0,0.772148027345647,0,0,0,0,0,0
1734421609.525,0.04020079507041382,0.00045098559725275706,0.0051257205732305276,0.0005136017008862372,0.00019874605207975804,0.02611403234918656,0.0008593066745987435,0.0006386214642002174,0.0006117040667782759,0.0006404224425586068,149052.39856044104,91086.27115888995,437431.19099482946,43903.9790420364,45570.72091265989,385529.9301817044,136147.20489775485,13011.016773769767,18384.583117024697,20911.656984213983,127105.3305619736,28323.978481759277,207875.60873766342,21423.67393342934,46927.602686985774,136907.12796513102,156406.81698293306,48344.44890701035,19468.68629837259,20542.460686167655,10879.561807059075,61231.13681431464,59373.44525463923,34408.982313525376,23740.05433019852,174665.26381577886,23728.928127842664,0,252.9574089811752,1314.4473194856575,0.719402113411693,0,0,0.25616463813986223,0,0.7853918787420466,0,0,0,0,0,0
1734421614.525,0.04078320358201778,0.00045681902857465243,0.005186523265143842,0.0005203041633057558,0.00020148982677992377,0.026516608804127765,0.0008713132806866743,0.0005554731944444444,0.0006205645863080583,0.0006495359204168161,151110.88598835506,92266.75943886406,441374.2158380964,44451.72960949577,46199.84430806848,390936.9986586522,138048.4521081805,11395.982222222225,18637.933519997052,21196.676672105776,128856.26941452232,28713.055548278662,209937.13380341837,21698.23994927436,47606.1823110039,138827.254414304,158617.397628206,42343.53777777778,19736.976282847,20822.448337921927,11032.048293197591,62022.42640317838,59565.407722914526,34838.27232320507,24067.795987303834,177114.94921776812,24058.2820546988,0,256.4433113316548,1334.7044906033632,0.7315331971956771,0,0,0.26049986667530933,0,0.7986357301384464,0,0,0,0,0,0
1734421619.525,0.04136561209362174,0.0004626524598965479,0.005297661070639835,0.0005270066257252744,0.00020423360148008946,0.026919185259068976,0.0008833198867746052,0.0005554731944444444,0.0006294251058378409,0.0006586493982750256,153169.37341626908,93447.24771883816,472431.3914659786,44999.480176955134,46828.96770347706,396344.0671356,139949.69931860614,11395.982222222225,18891.283922969404,21481.69635999756,130607.20826707104,29102.132614798054,211216.65813184966,21972.805965119376,48284.76193502203,140747.38086347704,160827.97827347892,42343.53777777778,20005.26626732141,21102.435989676193,11184.534779336109,62813.71599204214,59757.370191189824,35267.562332884765,24395.537644409138,179564.63461975742,24387.63598155495,0,259.92921368213433,1354.961661721068,0.743664280979661,0,0,0.2648350952107564,0,0.8118795815348461,0,0,0,0,0,0
1734421624.525,0.0419480206052257,0.00046848589121844327,0.0053634133805106985,0.0005337090881447931,0.0002069773761802552,0.02732176171401019,0.000895326492862536,0.0006442807655875443,0.0006382856253676233,0.0006677628761332349,155227.8608441831,94627.73599881226,476809.87382761715,45547.2307444145,47458.09109888565,401751.13561254786,141850.9465290318,9669.16067036153,19144.63432594176,21766.716047889353,132358.14711961974,29491.20968131744,213337.1779296257,22247.37198096439,48963.34155904015,142667.5073126501,163038.55891875183,35885.385773415124,20273.55625179582,21382.423641430465,11337.021265474625,63605.00558090589,59949.33265946512,35696.85234256445,24723.27930151445,182014.32002174674,24716.989908411088,0,263.4151160326139,1375.2188328387736,0.755795364763645,0,0,0.2691703237462034,0,0.8251234329312458,0,0,0,0,0,0
1734421629.525,0.04253042911682965,0.0004356902894767451,0.005326863810659136,0.0005404115505643116,0.00020972115088042093,0.027724338168951403,0.0009073330989504669,0.0006522028734574999,0.000647146144897406,0.0006768763539914443,157286.34827209712,145055.86371200625,496200.85013656184,46094.981311873875,48087.21449429424,407158.2040894957,143752.19373945743,9782.28801103702,19397.98472891411,22051.735735781138,134109.08597216845,42804.14071808103,199203.52789223206,22521.93799680941,49641.921183058264,144587.63376182312,165249.13956402478,36305.237961217135,20541.846236270227,21662.41129318473,11489.50775161314,48786.11729580265,60141.29512774042,36126.14235224415,25051.020958619763,184464.00542373603,25046.34383526723,0,266.90101838309346,1395.4760039564785,0.7670571024321702,0,0,0.267424107704206,0,0.8421126148622068,0,0,0,0,0,0
1734421634.525,0.04311283762843362,0.0004410182996771402,0.005375931077628588,0.0005471140129838301,0.00021246492558058667,0.028126914623892607,0.0009193397050383978,0.0006601249813274555,0.0006560066644271884,0.0006859898318496537,159344.83570001114,146880.70664389728,488646.03507914563,46642.73187933324,48716.33788970283,412565.2725664434,145653.44094988308,9895.415351712509,19651.335131886466,22336.755423672934,135860.02482471717,43362.313106168345,189591.19143038834,22796.504012654426,50320.50080707639,146507.76021099614,167459.7202092977,36725.09014901915,20810.136220744636,21942.398944939006,11641.99423775166,49373.163780913565,60333.25759601572,36555.43236192384,25378.762615725078,186913.69082572527,25375.697762123375,0,270.386920733573,1415.733175074184,0.7791744506465451,0,0,0.2716584874441211,0,0.8554156294065582,0,0,0,0,0,0
1734421639.525,0.04358107944414764,0.00044634630987753533,0.005513360456028189,0.0004972402074324546,0.0002152087002807524,0.024396359388888893,0.0009313463111263286,0.0006680470891974109,0.0006648671839569709,0.0006951033097078631,151038.09966566757,148705.54957578832,538738.7786351853,36993.1482596863,49345.46128511142,362459.5911111111,147554.68816030872,10008.542692387999,19904.685534858818,22621.775111564722,127477.34093169757,43920.48549425567,184213.2362566673,18589.59964935619,50999.0804310945,128714.52444444444,169670.30085457064,37144.942336821165,21078.426205219046,22222.386596693275,11735.038898423121,49960.21026602446,53836.0257927656,28907.680188677747,25706.504272830392,164213.1911111111,25705.051688979518,0,273.8728230840526,1435.990346191889,0.7912917988609203,0,0,0.2758928671840362,0,0.8687186439509098,0,0,0,0,0,0
1734421644.525,0.04416185613109257,0.00045167432007793047,0.005568371284162056,0.0005032008805774106,0.00021795247498091817,0.024396359388888893,0.0009350056328143366,0.0006759691970673666,0.0006737277034867534,0.0007042167875660724,152964.025138797,150530.39250767935,544713.608884662,37424.78640827708,49974.58468052001,362459.5911111111,144781.33357808978,10121.670033063485,20158.035937831177,22906.79479945651,129098.67853267264,44478.65788234298,185255.336189173,18806.504150680732,51677.66005511263,128714.52444444444,167724.33679541224,37564.794524623176,21346.716189693456,22502.374248447544,11886.765206299408,50547.256751135385,54499.282578360544,29244.976637985175,26034.245929935703,164213.1911111111,26034.405615835658,0,277.3587254345321,1456.2475173095945,0.8034091470752953,0,0,0.28012724692395136,0,0.8820216584952613,0,0,0,0,0,0
1734421649.525,0.044742632818037496,0.0004570023302783256,0.005640063716162879,0.0005091615537223664,0.0001861318990490993,0.024396359388888893,0.0009046958374946483,0.0006838913049373222,0.0006825882230165359,0.0006146874999999999,154889.9506119264,152355.23543957042,551845.7001062868,37856.42455686788,89287.88361110559,362459.5911111111,135370.17517442815,10234.797373738975,20411.386340803532,20106.80888888889,130720.0161336477,45036.8302704303,187628.28623964908,19023.408652005277,41252.45999261188,128714.52444444444,154180.96330576832,37984.646712425194,21615.006174167866,19751.82222222222,12038.491514175692,51134.3032362463,55208.34761076968,29582.273087292608,20256.37884339184,164213.1911111111,20218.795670365922,0,280.8446277850117,1257.2444444444443,0.8155264952896701,0,0,0.2843616266638665,0,0.8953246730396126,0,0,0,0,0,0
1734421654.525,0.04273157832574871,0.00046233034047872063,0.005687010786476456,0.0005151222268673223,0.00018845299239535714,0.024396359388888893,0.0009047657827295902,0.0006918134128072777,0.0006914487425463185,0.0006146874999999999,150386.54231892896,154180.07837146145,586482.7068709108,38288.062705458666,90401.31722248519,362459.5911111111,129531.34807885293,10347.924714414465,20664.736743775884,20106.80888888889,128394.9425290341,45595.002658517624,188805.66208080327,19240.313153329815,41775.46130489948,128714.52444444444,149270.55107317434,38404.49890022721,21883.296158642275,19751.82222222222,10941.522567491766,51721.34972135721,55750.26511157766,29919.569536600036,20508.97899625587,164213.1911111111,20466.970789297615,0,284.33053013549124,1257.2444444444443,0.8276438435040452,0,0,0.2885960064037816,0,0.9086276875839641,0,0,0,0,0,0
1734421659.525,0.043031891744279335,0.00046765835067911576,0.005714371923700076,0.0005210829000122782,0.00019077408574161493,0.021915589344711918,0.0009140561517587848,0.0006997355206772333,0.0007003092620761009,0.0006146874999999999,151616.74656753498,156004.9213033525,575297.4548427281,38719.700854049464,91514.75083386477,309236.36453603685,130983.65482714817,10461.052055089953,20918.08714674824,20106.80888888889,129589.23712115336,46153.17504660495,188124.0308988329,19457.21765465436,42298.46261718709,110349.71317019139,150701.32055647054,38824.351088029216,22151.586143116685,19751.82222222222,10958.12697578085,52308.396206468125,54870.26461698645,30256.86598590747,20761.579149119898,307084.2809326248,20715.145908229308,0,287.81643248597084,1257.2444444444443,0.8429805837107931,0,0,0.2914594494919343,0,0.9258762209576866,0,0,0,0,0,0
1734421664.525,0.04507615156121295,0.00047298636087951085,0.0057807135320618284,0.0005270435731572341,0.0001930951790878727,0.022205384607281484,0.0009407599292981168,0.0007076576285471889,0.0007091697816058835,0.0007084524840107165,159151.53506078583,157829.76423524352,582046.0079996743,39151.33900264025,92628.18444524435,313009.85327606666,156752.78971635486,10574.179395765443,21171.43754972059,17031.437128536065,130806.89866209902,46711.34743469227,190272.99336638686,19674.1221559789,42821.463929474696,111696.26696485259,167172.8285434476,39244.203275831234,22419.87612759109,48831.66225963006,10263.150927827857,52895.44269157903,55555.33730538368,30594.162435214897,21014.179301983924,310896.90158834954,20913.15751537527,0,291.30233483645037,1081.1387509475048,0.8551443860364096,0,0,0.29567315226515783,0,0.9392361672569741,0,0,0,0,0,0
1734421669.525,0.044173286201245554,0.000478314371079906,0.005847055140423582,0.00053300424630219,0.00019541627243413055,0.02249517986985105,0.0009521403181614262,0.0007155797364171445,0.00061654575,0.0007171395186055912,149194.78882271016,159654.60716713459,588794.5611566206,39582.97715123104,93741.61805662393,316783.3420160964,158649.43891548374,10687.306736440929,18523.022222222222,17231.871410833708,120257.1464367296,47269.519822779585,192421.95583394082,19891.026657303442,43344.4652417623,113042.8207595138,169199.66034484003,39664.055463633245,19615.28888888889,49406.33714493442,10166.264876898389,53482.48917668995,56240.40999378089,30931.458884522326,21266.779454847954,314709.5222440742,21165.528942866775,0,254.86222222222221,1095.3584447209935,0.8673081883620264,0,0,0.2998868550383815,0,0.9525961135562616,0,0,0,0,0,0
1734421674.525,0.044620672887914034,0.00048364238128030117,0.005913396748785335,0.000538964919447146,0.0001977373657803883,0.022784975132420615,0.0009635207070247354,0.0007235018442871001,0.000743150999088556,0.0007258265532004658,150572.63477887967,161479.45009902562,595543.1143135668,40014.61529982183,94855.0516680035,320556.83075612615,160546.0881146126,10800.434077116419,19400.473640584943,17432.30569313135,121301.24977386786,47827.69221086691,194570.9183014948,20107.931158627987,43867.4665540499,114389.37455417498,171226.4921462324,40083.90765143526,19833.83084994783,49981.01203023878,10281.980225706526,54069.53566180087,56925.48268217812,31268.75533382976,21519.37960771198,318522.14289979887,21417.900370358282,0,711.9439868104566,1109.5781384944821,0.8794719906876429,0,0,0.30410055781160505,0,0.9659560598555491,0,0,0,0,0,0
1734421679.525,0.04651212992184362,0.0004889703914806962,0.005979738357147088,0.0005449255925921018,0.00020005845912664615,0.023074770394990177,0.0009749010958880447,0.0007314239521570556,0.0007522242735475401,0.0007345135877953407,153747.94129477313,163304.29303091665,602291.667470513,40446.25344841263,95968.4852793831,324330.319496156,162442.73731374147,10913.561417791909,19626.32591981053,17632.739975428995,124287.84326751638,48385.864598954235,196719.88076904876,20324.835659952532,44390.4678663375,115735.92834883618,173253.3239476248,40503.759839237275,20064.728094325645,50555.68691554314,10321.611911229169,54656.58214691177,57610.555370575334,31606.051783137194,21771.979760576007,322334.7635555236,21670.271797849793,0,720.232143846258,1123.7978322679708,0.8916357930132596,0,0,0.30831426058482864,0,0.9793160061548366,0,0,0,0,0,0
1734421684.525,0.047071504656233554,0.0004942984016810914,0.006085314729580745,0.0005508862657370578,0.00020237955247290391,0.02336456565755974,0.0009627723864837227,0.0007393460600270112,0.0007612975480065241,0.0007432006223902155,155525.08935785777,165129.13596280766,604479.9130217945,40877.89159700342,97081.91889076267,328103.80823618575,184945.10876541436,11026.688758467397,19852.178199036123,17833.17425772664,125720.86351240384,48944.03698704155,197309.4700795529,20541.740161277077,44913.4691786251,117082.48214349737,191167.91058008253,40923.612027039286,20295.625338703463,51130.36180084751,10442.167818970594,55243.62863202269,58295.62805897255,31943.348232444627,22024.579913440033,326147.38421124825,21922.643225341293,0,728.5203008820595,1138.0175260414592,0.9037995953388762,0,0,0.3125279633580523,0,0.9926759524541242,0,0,0,0,0,0
1734421689.525,0.047630879390623486,0.0004996264118814866,0.006139511904589465,0.0005568469388820137,0.00020470064581916178,0.023654360920129305,0.0009738796644677603,0.0007472681678969669,0.0007703708224655085,0.0007518876569850903,157302.23742094243,166953.9788946987,626901.279592775,41309.52974559421,98195.35250214228,331877.2969762155,187077.50347294827,11139.816099142887,20078.03047826171,18033.60854002429,127153.8837572913,49502.20937512888,199573.3614489769,20758.64466260162,45436.47049091272,118429.03593815856,193376.4624892368,41343.464214841304,20526.522583081278,51705.036686151885,10562.723726712024,55830.6751171336,58980.70074736979,32280.644681752055,22277.180066304067,329960.0048669729,22175.0146528328,0,736.8084579178609,1152.237219814948,0.9155105691483205,0,0,0.3157770310854921,0,1.0097706085538347,0,0,0,0,0,0
1734421694.525,0.04819025412501342,0.0005049544220818815,0.006210339502148637,0.0005628076120269696,0.00020702173916541957,0.02394415618269887,0.0009849869424517978,0.0007551902757669223,0.0007794440969244925,0.0007605746915799649,159079.3854840271,168778.82182658973,634233.7671015064,41741.167894185,99308.78611352184,335650.7857162453,189209.89818048218,11252.943439818373,20303.8827574873,18234.042822321935,128586.90400217877,50060.38176321618,201863.9573851323,20975.549163926156,45959.471803200315,119775.58973281976,195585.014398391,41763.31640264331,20757.419827459093,52279.711571456246,10683.27963445345,56417.721602244506,59665.773435767005,32617.941131059484,22529.78021916809,333772.6255226977,22427.38608032431,0,745.0966149536623,1166.4569135884365,0.9276683578836493,0,0,0.3199773922216821,0,1.0231801508831633,0,0,0,0,0,0
1734421699.525,0.04870324813989508,0.0005102824322822767,0.006237570352595244,0.0005687682851719256,0.00020934283251167738,0.024233951445268433,0.0009960942204358353,0.0007631123836368779,0.0007885173713834768,0.0007692617261748397,155661.5588775881,170603.6647584808,634597.0550289209,42172.806042775796,100422.21972490144,339424.27445627504,191342.2928880161,11366.070780493863,20529.73503671289,18434.477104619575,124931.44998116576,50618.554151303506,200897.4431978309,21192.4536652507,46482.47311548792,121122.14352748095,197793.56630754523,42183.168590445326,20988.31707183691,52854.3864567606,10781.334400790978,57004.76808735542,60321.49261871886,32955.23758036692,22782.38037203212,337585.24617842236,22679.75750781582,0,753.3847719894637,1180.676607361925,0.9398261466189781,0,0,0.3241777533578721,0,1.0365896932124914,0,0,0,0,0,0
1734421704.525,0.049262056997659474,0.0005156104424826718,0.006324847480115375,0.0005179027325808235,0.00021166392585793514,0.024523746707837996,0.001003406084217578,0.0007710344915068334,0.0007975906458424608,0.0007779487607697145,157383.28512629817,172428.50769037183,630276.041460146,36058.461747251386,101535.653336281,343197.76319630485,186538.62495049703,11479.198121169353,20755.587315938476,18634.911386917225,126310.18537419109,51176.72653939083,195051.1260474858,18131.21898039039,47005.47442777552,122468.69732214215,193976.33475531527,42603.020778247344,21219.214316214726,53429.061342064975,10901.653259666167,57591.814572466326,60977.646779306706,28171.381490781565,23034.980524896142,341397.8668341471,22932.128935307323,0,761.6729290252651,1194.8963011354138,0.9519839353543069,0,0,0.3283781144940621,0,1.04999923554182,0,0,0,0,0,0
1734421709.525,0.04982086585542386,0.0005209384526830669,0.006345318073645712,0.0005232268399619611,0.00021398501920419298,0.024813541970407565,0.0010144711155257277,0.000778956599376789,0.000806663920301445,0.0007866357953645892,159105.01137500824,174253.35062226286,633001.8444630147,36425.88746414678,102649.0869476606,346971.2519363346,188594.95297205233,11592.325461844843,20981.43959516407,18835.34566921487,127688.92076721643,51734.89892747814,196621.7689340378,18315.971069338415,47528.47574006312,123815.25111680334,196118.8025616204,43022.872966049355,21450.111560592544,54003.736227369336,11021.972118541356,58178.86105757725,61662.05819873944,28458.440048984565,23287.580677760172,345210.48748987174,23184.50036279883,0,769.9610860610668,1209.1159949089024,0.9641417240896357,0,0,0.33257847563025217,0,1.0634087778711483,0,0,0,0,0,0
1734421714.525,0.05037967471318826,0.0005262664628834621,0.006453447321701481,0.0005285509473430987,0.0002163061125504508,0.025103337232977127,0.0010255361468338776,0.0007868787072467446,0.0008157371947604291,0.0007953228299594641,160826.73762371833,176078.19355415393,635723.2015812026,36793.31318104217,103762.52055904019,350744.7406763644,190651.2809936076,11705.452802520329,21207.291874389655,19035.779951512515,129067.65616024178,52293.07131556547,198191.80950287962,18500.723158286444,48051.47705235073,125161.80491146453,198261.27036792552,43442.72515385137,21681.008804970355,54578.411112673704,11142.290977416544,58765.90754268817,62346.469618172174,28745.498607187565,23540.180830624202,349023.1081455964,23436.87179029033,0,778.249243096868,1223.335688682391,0.9762995128249646,0,0,0.3367788367664422,0,1.0768183202004769,0,0,0,0,0,0
1734421719.525,0.05093848357095264,0.0005315944730838571,0.0064617790517257695,0.0005338750547242364,0.0002186272058967086,0.02539313249554669,0.0010229867816537433,0.0007948008151167001,0.0008248104692194133,0.0008040098645543389,162548.4638724284,177903.03648604493,622732.4672470223,37160.738897937554,104875.95417041978,354518.2294163942,190468.7689694332,11818.580143195819,21433.14415361525,19236.21423381016,130446.39155326712,52851.243703652784,196200.42924342692,18685.47524723447,48574.47836463834,126508.35870612574,198413.01486796123,43862.577341653385,21911.906049348177,55153.085997978065,11262.609836291733,59352.954027799075,61133.97617463353,29032.557165390557,23792.78098348823,352835.7288013211,23689.243217781837,0,786.5374001326696,1237.5553824558797,0.9899122907681024,0,0,0.3362041007092781,0,1.0806955996040761,0,0,0,0,0,0
1734421724.525,0.05149729242871704,0.0005369224832842523,0.006510048323828411,0.000539199162105374,0.00022094829924296642,0.025682927758116255,0.0010324372942807597,0.0008027229229866557,0.0008338837436783974,0.0008126968991492134,164270.19012113847,179727.879417936,621486.8825972165,37528.164614832946,105989.38778179936,358291.71815642394,192259.59502173038,11931.707483871307,21658.996432840835,19436.64851610781,131825.12694629247,53409.41609174011,196389.9864095988,18870.2273361825,49097.47967692594,127854.91250078692,200319.40463953998,44282.429529455396,22142.803293725992,55727.76088328244,11382.928695166924,59940.00051290999,61639.69641632246,29319.615723593557,24045.38113635226,356648.3494570458,23941.614645273345,0,794.825557168471,1251.775076229368,1.002087974275208,0,0,0.34034347923194874,0,1.0939878960135803,0,0,0,0,0,0
1734421729.525,0.05205610128648143,0.0005419776581462889,0.006576738311360112,0.0005445232694865117,0.0002232693925892242,0.025972723020685817,0.001031901544788712,0.0007165246458333334,0.0008429570181373814,0.0008213839337440884,165991.91636984856,144784.58438446114,627576.4951310019,37895.59033172834,107102.82139317894,362065.20689645375,187280.1082148399,10700.799999999997,21884.84871206643,19637.08279840545,133203.8623393178,43486.86102676015,198381.9821477068,19054.97942513053,49620.48098921354,129201.46629544813,193974.3527772517,39714.133333333324,22373.70053810381,56302.435768586794,11503.247554042113,48340.81568999709,62299.963237252574,29606.67428179656,24297.98128921628,360460.9701127705,19723.378325466063,0,803.1137142042726,1265.9947700028567,1.0142636577823136,0,0,0.34448285775461956,0,1.1072801924230844,0,0,0,0,0,0
1734421734.525,0.052614910144245824,0.0005473028389674868,0.006624905373307009,0.0005498473768676493,0.00021066102772004147,0.026262518283255386,0.0010411233746340188,0.0008386093561907914,0.0008761773498401901,0.0008300709683389633,167713.64261855863,146228.13138414305,582759.3459615323,38263.01604862372,87235.04302253395,365838.6956364835,184561.71988976726,9436.906862196538,23424.36880336557,19837.517080703095,134582.59773234316,43936.34532332075,211269.25583000758,19239.731514078554,60401.44669573043,130548.02009010932,191938.19139385925,35003.02903866525,23839.828424192758,56877.110653891155,11623.566412917304,48801.48752891065,52360.59977698588,29893.732839999553,19787.220687328307,364273.59076849517,19929.48963838376,0,694.9506384745671,1280.2144637763454,1.0264393412894193,0,0,0.34862223627729033,0,1.1205724888325888,0,0,0,0,0,0
1734421739.525,0.05317371900201022,0.0005526280197886847,0.006680563453133554,0.000555171484248787,0.00021283011687508145,0.02655231354582495,0.0010504750303868718,0.000846735950610043,0.0008855236982681954,0.0008387580029338378,169435.3688672687,147671.67838382497,587318.6686234807,38630.44176551911,88133.26604844215,369612.18437651324,186237.0619675855,10504.989404030352,23665.329908709566,20037.95136300074,135961.3331253685,44385.82961988135,227725.88393788942,19424.48360302658,61040.52640923822,131894.5738847705,193715.8415026609,38964.72165399306,24085.063267296806,57451.78553919552,11743.885271792491,49262.15936782419,52910.06863684998,30180.791398202546,19990.9614848825,368086.21142421983,20135.60095130145,0,702.0994361822897,1294.4341575498343,1.038615024796525,0,0,0.3527616147999611,0,1.1338647852420929,0,0,0,0,0,0
1734421744.525,0.05121646809147232,0.0005579532006098826,0.006777746063078285,0.0005604955916299246,0.00021499920603012146,0.02684210880839451,0.0010598266861397247,0.0008548625450292948,0.0008948700466962004,0.0008474450375287126,164685.43381081134,149115.2253835069,580208.2738921305,38997.8674824145,89031.48907435035,373385.6731165431,187912.40404540376,10504.989404030352,23906.29101405356,20238.38564529839,133815.37970912698,44835.31391644193,251834.9797580502,19609.23569197461,61679.60612274601,133241.1276794317,195493.49161146255,38964.72165399306,24330.29811040085,58026.4604244999,10832.631050445503,49722.83120673775,53459.53749671407,30467.849956405546,20194.702282436694,371898.8320799446,20341.71226421915,0,709.2482338900121,1308.653851323323,1.0507907083036305,0,0,0.3569009933226318,0,1.1471570816515972,0,0,0,0,0,0
1734421749.525,0.051449607814349076,0.0005632783814310806,0.006847078889795572,0.0005658196990110623,0.00021716829518516148,0.027131904070964077,0.0010691783418925779,0.0008629891394485462,0.0009042163951242055,0.0008561320721235874,159438.01033553865,150558.7723831888,586190.1922441152,39365.29319930989,89929.71210025855,377159.16185657284,189587.746123222,10504.989404030352,24147.252119397548,20438.819927596032,128707.14415301054,45284.798213002534,254415.04141811954,19793.987780922635,62318.685836253804,134587.68147409288,197271.14172026422,38964.72165399306,24575.53295350489,58601.13530980426,10767.370647491363,50183.5030456513,54009.00635657816,30754.90851460854,20398.443079990884,375711.45273566927,20547.823577136853,0,716.3970315977344,1322.873545096811,1.059163047441258,0,0,0.36403169236282423,0,1.163719838465422,0,0,0,0,0,0
1734421754.525,0.0542301089929732,0.0005686035622522785,0.00689468197756482,0.0005711438063921998,0.00021933738434020151,0.02742169933353364,0.0010785299976454308,0.000871115733867798,0.0009135627435522107,0.0008648191067184623,825477.9828371122,152002.31938287074,580535.9961090598,39732.71891620528,90827.93512616676,380932.65059660265,191263.08820104023,10504.989404030352,24388.213224741547,20639.254209893672,240196.0666951474,45734.28250956312,255862.04130108128,19978.739869870664,62957.76554976161,135934.2352687541,199048.79182906586,38964.72165399306,24820.76779660894,59175.810195108614,11076.395733398098,50644.17488456485,53129.12252880397,31041.96707281154,20602.183877545078,379524.073391394,20753.934890054545,0,723.545829305457,1337.0932388703,1.0712951657729564,0,0,0.36820655402026803,0,1.1770495961635539,0,0,0,0,0,0
1734421759.525,0.05478192616493674,0.0005739287430734764,0.006963777516850214,0.0005764679137733375,0.0002215064734952415,0.02432944622916667,0.0011129732574246551,0.0008792423282870495,0.0009229090919802158,0.000873506141313337,833663.1960196389,153445.86638255266,586401.5760788367,40100.14463310067,91726.15815207496,340667.7333333334,190915.01531007257,10504.989404030352,24629.174330085538,20839.68849219132,242570.46003254698,46183.76680612372,258430.77365024493,20163.491958818686,63596.845263269395,121565.86666666668,199028.09421082307,38964.72165399306,25066.002639712984,59750.485080412975,11186.218400482569,51104.846723478404,53663.19167497827,31329.025631014534,20805.92467509927,338841.60000000003,20960.046202972244,0,730.6946270131795,1351.3129326437886,1.0834272841046544,0,0,0.3723814156777118,0,1.190379353861686,0,0,0,0,0,0
1734421764.525,0.05533374333690028,0.0005792539238946743,0.007032873056135608,0.0005817920211544751,0.00022367556265028157,0.02432944622916667,0.0011007222517352712,0.0008873689227063013,0.000932255440408221,0.0008821931759082118,841848.4092021656,154889.41338223458,592267.1560486136,44091.08602744669,92624.38117798317,340667.7333333334,187860.02437146596,10504.989404030352,24870.13543542953,21040.122774488966,244944.8533699466,46633.25110268431,260999.50599940855,20839.764047766716,64235.92497677718,121565.86666666668,194369.74092731657,38964.72165399306,25311.23748281702,60325.15996571735,11296.04106756704,51565.518562391946,54197.26082115256,34447.02698435967,21009.66547265347,338841.60000000003,21119.59485647939,0,737.8434247209018,1365.5326264172772,1.095559402436353,0,0,0.3765562773351557,0,1.2037091115598184,0,0,0,0,0,0
1734421769.525,0.05486654375105688,0.0005845791047158722,0.007087241149343506,0.0005871161285356129,0.0002258446518053216,0.022683927207050404,0.0011544057007370398,0.0008954955171255529,0.0009416017888362261,0.0007887560833333334,846301.7646123262,156332.96038191652,590855.4263633246,44091.08602744669,93522.60420389139,302890.95929145376,187838.73133603236,10504.989404030352,25111.09654077352,18884.26666666667,243805.36144030743,47082.735399244906,260167.6814397829,21024.516136714745,64875.00469028497,108601.25531505307,192672.80183272576,38964.72165399306,25556.472325921066,54144.00000000001,11336.365254692097,52026.190401305495,54700.68370055786,34447.02698435967,21213.406270207663,305221.58823773556,21284.82426773602,0,744.9922224286242,1212.5866666666668,1.1076915207680513,0,0,0.3807311389925995,0,1.2170388692579506,0,0,0,0,0,0
1734421774.525,0.055330156892205176,0.0005899042855370702,0.00715620481313261,0.0005388836739682515,0.0002280137409603616,0.022914651129693927,0.0011852377146212801,0.0009036221115448044,0.0009509481372642312,0.0009516706406582884,854163.9557292882,157776.5073815984,596651.3658068179,38051.50992805419,94420.82722979957,305794.0350649654,186853.0602450046,10504.989404030352,25352.05764611752,18982.021049089508,245875.5999716152,47532.21969580551,262703.87201403105,18595.74934045139,65514.08440379277,109642.1502761163,193222.54321754427,38964.72165399306,25801.707169025118,49784.59598187569,11440.17227382869,52486.86224021905,55234.45957597036,29716.03780559457,21417.147067761853,308147.00205807044,21490.009792694356,0,752.1410201363468,1079.448991570488,1.1198236390997494,0,0,0.3849060006500433,0,1.230368626956083,0,0,0,0,0,0
1734421779.525,0.056981553639320746,0.0005952294663582679,0.0072251684769217145,0.0005436891741842057,0.0002301828301154016,0.023145375052337446,0.0011965503249004605,0.0009117487059640561,0.0009602944856922363,0.0009608917896708559,858465.7007758971,159220.05438128035,602886.8065447704,38051.50992805419,95319.05025570779,308697.11083847715,188635.57699486907,10504.989404030352,25593.01875146151,19158.929589740957,245240.8206044602,47981.70399236609,272986.1471876497,18755.193800027755,66153.16411730055,110683.04523717957,195065.8150948924,38964.72165399306,26046.94201212916,50248.578199538344,11485.201710183028,52947.5340791326,55768.23545138285,29716.03780559457,21620.88786531605,311072.41587840545,21695.19531765268,0,759.2898178440693,1090.4444946909466,1.1353741113407563,0,0,0.39083937183590023,0,1.2441875143676246,0,0,0,0,0,0
1734421784.525,0.05753329269081108,0.0006005546471794659,0.007311780775173138,0.0005484946744001598,0.00023235191927044164,0.02337609897498097,0.0012078629351796406,0.0009198753003833075,0.0009696408341202415,0.0009701129386834231,869411.9007890642,160663.60138096227,608955.3757705737,38051.50992805419,96217.273281616,311600.1866119888,190418.09374473357,10504.989404030352,25833.9798568055,21229.02487817389,250289.77314584423,48431.18828892669,271787.98785811855,18914.638259604126,66792.24383080835,111723.94019824281,196909.08697224053,38964.72165399306,26292.176855233203,55677.86611951782,11647.312509242236,53408.205918046166,56302.011326795335,29716.03780559457,21824.628662870244,313997.8296987404,21900.38084261101,0,766.4386155517917,1101.4399978114045,1.1475428670355803,0,0,0.39503370701380097,0,1.257522514478743,0,0,0,0,0,0
1734421789.525,0.05809196924318504,0.0006058798280006638,0.007389689062859948,0.0005533001746161139,0.00023452100842548163,0.023606822897624485,0.0012375483975913932,0.0009280018948025593,0.0009789871825482467,0.0009793340876959906,878675.8648626102,162107.14838064418,609310.4884913173,38051.50992805419,97115.49630752418,314503.2623855004,194882.52815839092,10504.989404030352,26074.9409621495,21229.02487817389,253776.5069934678,48880.672585487286,272953.20396251715,19074.08271918049,67431.32354431614,112764.83515930605,201090.5169012269,38964.72165399306,26537.41169833725,55677.86611951782,11766.350674835343,53868.8777569597,56742.718743974496,29716.03780559457,22028.369460424434,316923.2435190753,22105.566367569343,0,773.5874132595143,1112.435500931863,1.1597116227304043,0,0,0.3992280421917017,0,1.2708575145898615,0,0,0,0,0,0
1734421794.525,0.05864377769564018,0.0006112050088218618,0.007489362539409377,0.0005581056748320681,0.00023669009758052166,0.023837546820268007,0.001286334355100932,0.000936128489221811,0.0009883335309762516,0.0009885552367085578,886177.6421743084,163550.6953803261,609033.7983760126,38051.50992805419,98013.7193334324,348369.09282140085,205484.86469984206,10504.989404030352,26315.90206749349,21229.02487817389,255496.05435770968,49330.15688204788,276838.2822229257,19133.335149164002,68070.40325782394,124907.3953275893,212424.1817597329,38964.72165399306,26782.646541441296,55677.86611951782,11865.792929106216,54329.549595873264,57275.638859233324,29716.03780559457,22232.110257978627,321373.7346727436,22310.751892527667,0,780.7362109672367,1123.4310040523212,1.1718803784252285,0,0,0.4034223773696025,0,1.2841925147009803,0,0,0,0,0,0
1734421799.525,0.05919558614809531,0.0006165301896430597,0.007585819044193157,0.0005629111750480222,0.00025813140340222833,0.024068270742911527,0.0013039467133262087,0.0009442550836410626,0.0009976798794042567,0.000997776385721125,896647.1993005611,164994.242380008,623775.3149607237,38051.50992805419,101198.19302600725,348369.09282140085,206153.66452573932,10504.989404030352,28915.332641279205,21229.02487817389,260129.49538463054,49779.641178608465,279861.5291834199,19133.335149164002,68709.48297133173,124907.3953275893,210839.75908096432,38964.72165399306,29428.181172485383,55677.86611951782,11981.401028939797,54790.221434786814,57827.673641158806,29716.03780559457,24448.89570650323,324299.14849307854,24565.164720113968,0,857.8557249266969,1134.4265071727793,1.1840491341200525,0,0,0.4076167125475032,0,1.2975275148120986,0,0,0,0,0,0
1734421804.525,0.05974739460055043,0.0006218553704642575,0.007710284799772645,0.0005677166752639765,0.0002602906986048022,0.024298994665555046,0.0013284600225697675,0.0009377555405847747,0.0010070262278322618,0.0010069975347336924,903845.4791980532,166437.78937968996,623787.7948829798,38051.50992805419,102096.41605191547,348369.09282140085,208373.24756620373,9221.68364326539,28915.332641279205,21229.02487817389,261551.0559549879,50229.125475169065,281248.41653566645,19133.335149164002,69348.56268483953,124907.3953275893,213178.4264585891,34204.73096366565,29428.181172485383,55677.86611951782,12079.190097114222,55250.89327370036,60097.63577915417,29716.03780559457,24448.89570650323,327224.5623134134,24568.435240714418,0,857.8557249266969,1145.422010293238,1.1962178898148763,0,0,0.4118110477254039,0,1.310862514923217,0,0,0,0,0,0
1734421809.525,0.062419986213277295,0.0005945964557385361,0.007758759471741699,0.0005725221754799305,0.0002602906986048022,0.024529718588198572,0.001333366823790796,0.0009457515589474868,0.0009827423078024732,0.0010162186837462596,970678.7487056395,145904.9533022215,674768.3668104461,38051.50992805419,102994.63907782368,348369.09282140085,208573.38281847374,9221.68364326539,24750.83466522867,21229.02487817389,274749.70091920416,43835.715781748266,276080.5072323438,19133.335149164002,69987.6423983473,124907.3953275893,213752.09941098938,34204.73096366565,25189.396490804567,55677.86611951782,12987.124109304294,47795.16391119847,59621.658808922366,29716.03780559457,24448.89570650323,330149.9761337484,24571.705761314865,0,733.5943264178601,1156.4175134136958,1.2071556021049668,0,0,0.41174153843269046,0,1.3175797686152648,0,0,0,0,0,0
1734421814.525,0.06271580416603861,0.0005996318182777996,0.007786835926576383,0.0005766600259144977,0.0002602906986048022,0.02476044251084209,0.001330620202629581,0.0009537475773101987,0.00099176349613215,0.001025439832758827,970678.7487056395,147153.0320073368,681455.1673472292,38051.50992805419,103892.86210373187,348369.09282140085,207530.0870017733,9221.68364326539,24750.83466522867,21229.02487817389,274749.70091920416,44224.336158462436,278762.4571217211,19133.335149164002,70626.72211185511,124907.3953275893,213270.63620782143,34204.73096366565,25189.396490804567,55677.86611951782,12987.124109304294,47795.16391119847,60143.56190261123,29716.03780559457,24448.89570650323,333075.3899540833,24574.97628191531,0,733.5943264178601,1167.4130165341542,1.219311960119755,0,0,0.4158915981240455,0,1.3308481255299822,0,0,0,0,0,0
1734421819.525,0.06301162211879992,0.0006042435047116174,0.007866848180473538,0.0005766600259144977,0.0002602906986048022,0.02499116643348561,0.001331422076713114,0.0009595222035254399,0.0010007846844618266,0.0010346609817713944,970678.7487056395,148401.11071245203,688777.685676116,38051.50992805419,104791.08512964008,348369.09282140085,207300.04090418143,9221.68364326539,24750.83466522867,21229.02487817389,274749.70091920416,44612.95653517661,282611.21470237395,19133.335149164002,71265.80182536288,124907.3953275893,213465.78593873561,34204.73096366565,25189.396490804567,55677.86611951782,12987.124109304294,47795.16391119847,60661.307216664776,29716.03780559457,24448.89570650323,336000.8037744183,24578.246802515758,0,733.5943264178601,1178.4085196546125,1.2314683181345436,0,0,0.4200416578154006,0,1.3441164824446994,0,0,0,0,0,0
1734421824.525,0.06330744007156124,0.0006042435047116174,0.007889395728404377,0.0005766600259144977,0.0002602906986048022,0.02522189035612913,0.0013423667205547368,0.0009595222035254399,0.0010098058727915033,0.0010438821307839617,970678.7487056395,149649.1894175673,683902.1684127302,38051.50992805419,105689.3081555483,348369.09282140085,197416.82260708924,9221.68364326539,24750.83466522867,21229.02487817389,274749.70091920416,45001.576911890785,282633.3568904482,19133.335149164002,71904.88153887069,124907.3953275893,203535.21642959784,34204.73096366565,25189.396490804567,55677.86611951782,12987.124109304294,47795.16391119847,60365.65975371216,29716.03780559457,24448.89570650323,338926.2175947533,20157.575185394853,0,733.5943264178601,1189.4040227750706,1.243624676149332,0,0,0.42419171750675566,0,1.3573848393594168,0,0,0,0,0,0
1734421829.525,0.06360325802432254,0.0006042435047116174,0.007919656244493853,0.0005766600259144977,0.0002361343769390004,0.025452614278772653,0.0013423667205547368,0.0009595222035254399,0.00101882706112118,0.0010531032797965292,970678.7487056395,149769.44461383388,662656.8476023598,38051.50992805419,96584.36266666668,348369.09282140085,197416.82260708924,9221.68364326539,24750.83466522867,21229.02487817389,274749.70091920416,45390.197288604955,274752.5679836937,19133.335149164002,65426.77333333334,124907.3953275893,203858.67602622494,34204.73096366565,25189.396490804567,55677.86611951782,12987.124109304294,47795.16391119847,56488.0734448374,29716.03780559457,22179.91186564524,341851.6314150882,20160.8457059953,0,733.5943264178601,1200.399525895529,1.2557810341641205,0,0,0.42834177719811073,0,1.3706531962741344,0,0,0,0,0,0
